Date,CPI,CPI_lag_1,CPI_slope_1,Exports_lag_1,Exports_slope_1,Imports_lag_1,Imports_slope_1,Trade Balance_lag_1,Trade Balance_slope_1,Currency in Circulation_lag_1,Currency in Circulation_slope_1,Cash with Banks_lag_1,Cash with Banks_slope_1,Currency with the Public_lag_1,Currency with the Public_slope_1,Consumer Goods Manufacture_lag_1,Consumer Goods Manufacture_slope_1,Government Expenditure_lag_1,Government Expenditure_slope_1,Gross Fixed Capital_lag_1,Gross Fixed Capital_slope_1,Wholesale Industry Prices_lag_1,Wholesale Industry Prices_slope_1
1996-10-01,28.40005300568717,27.892159954172193,0.5078930515149764,0.09771855145342848,-0.0015292985722552067,0.06562442001674684,0.012091703848477669,-0.012270636052501747,-0.037622640437998844,0.04604153417767988,-0.0016724551612179036,0.04267972937661298,0.0019075769852949739,0.046165190793145676,-0.001707810083372462,0.15347522629081492,-0.0023122673036459875,0.050752145027972866,0.006977817470289835,0.05103895199218545,0.003964741706814853,0.3418011338794549,0.03890134261876925
1997-01-01,29.060325470479842,28.40005300568717,0.6602724647926728,0.09684638885213347,0.017586933580934876,0.07212653313383002,0.027175169473898267,-0.027856322974026144,-0.04514716852559861,0.04557089007574676,0.006377105713137456,0.0429408288975052,0.005942835992649727,0.045667631107131484,0.006283523959312489,0.1514478798681169,-4.3812074480784204e-05,0.05234361320608932,0.01675136493689331,0.05262366668886313,0.006471425609427386,0.34334619041107445,0.12895182683040643
1997-04-01,29.60370333466305,29.060325470479842,0.5433778641832063,0.10687625876702608,-0.019498556796253886,0.08673952962376957,-0.029169677325193554,-0.04655914727985542,0.04729703369348426,0.0473654656559414,0.013465732849896762,0.043754254327977124,0.0039618906617664845,0.047498296143424226,0.01341651544339079,0.1514094663800528,0.003774052446593335,0.05616418666628535,-0.0038713812891173946,0.05521030764307417,9.541435516168385e-05,0.3484678095865644,0.14553567296222325
1997-07-01,29.455437355768424,29.60370333466305,-0.14826597889462434,0.0957561856005147,0.022493433166920332,0.07105401962998126,0.015498988094440449,-0.02696571229279618,-0.002508176029199923,0.05115484541987832,0.0054427590750005805,0.044296537948291734,0.027586497941188854,0.051407113216477035,0.004973822536800422,0.1547184746917697,0.007677062846724236,0.05528122001471859,0.0043084964029278605,0.05524844493979614,0.0019456699392483175,0.35424809445481575,-0.0016809303547825978
1997-10-01,29.959593488654022,29.455437355768424,0.5041561328855977,0.10858424386122881,0.0016567401199431406,0.07938834331613943,0.001371224147765509,-0.02800475808756447,-0.0005971847688571245,0.05268648735342145,-0.0029207827834441358,0.048072438711963844,0.013353038897064818,0.05285620501175073,-0.003155708461406131,0.1614495588854496,-0.0035545026120156675,0.056263881849881806,0.016093104577171058,0.05602613286390755,0.005714028919322834,0.35418133242941974,0.10599312716779029
1998-01-01,31.88332851617143,29.959593488654022,1.9237350275174094,0.1095290866792984,-0.004141850299857851,0.08012569635003547,-0.0004570747159218363,-0.028252149943461684,-0.006449595503656944,0.05186455249864499,0.003220837191626303,0.04990013535820939,-0.010124831691181016,0.0519368092741937,0.0034004058230177755,0.1583330471639985,0.013424515412243244,0.05993432234660122,0.07372969146124807,0.05831004094047346,0.002811437320612793,0.35839109390326573,0.19464989560016469
1998-04-01,32.028865472212665,31.88332851617143,0.14553695604123362,0.10716697963412442,-0.014974381853332231,0.07987991200540345,0.0004155224690198512,-0.030923981987151582,-0.029381490627770523,0.05277092539441929,0.014915362796599638,0.0485142994396276,0.023918080661775445,0.05292749604322863,0.014523358949540871,0.1701033746060514,-0.007906117594797755,0.07675024770471282,0.005565951613776215,0.05943377771079197,0.006493458288145256,0.3661220633847919,0.1098646937788799
1998-07-01,33.816158528532235,32.028865472212665,1.7872930563195695,0.09862705416311078,0.004269291847545785,0.08010335231870529,0.014003107205968986,-0.04309566129729444,-0.032247977518284725,0.056968244217185444,-0.004804668687980276,0.051788085740045446,0.0482763713970805,0.05715878498405456,-0.005645789384749498,0.1631714601176315,-0.008577839555320124,0.0780197040801449,-0.000816027125452873,0.06202922516801211,0.004780806728348978,0.37048559305473044,0.21968436652411844
1998-10-01,35.54110679610655,33.816158528532235,1.7249482675743124,0.10106184142505935,-0.010959973101162314,0.08763329087697688,-0.019820421772246903,-0.05645482151574393,0.036428270900284596,0.05561616672525797,0.011654011929606967,0.05839591207647165,0.018415454742655327,0.05551391988990372,0.011352436144407592,0.15565059420842844,0.022171666272531466,0.07783358840598638,-0.01564663514061447,0.06394012258444852,0.004962280439768165,0.3792108642804343,0.05752914959834696
1999-01-01,34.872390564552845,35.54110679610655,-0.6687162315537023,0.0948113427824451,0.00853858369509157,0.07697518793247969,0.0,-0.04136391830601396,0.016004551805370935,0.058895711735321835,0.00685060929398189,0.06091652668200808,-0.017168192867654766,0.05882138049017918,0.007158348723623549,0.1750902360837405,0.009581643937112892,0.07426497658331967,0.013417556772556046,0.06592355538372015,0.004189419897993492,0.3814957671234164,0.03006584683557746
1999-04-01,34.70490645164165,34.872390564552845,-0.1674841129111968,0.09968091730634225,-0.0005097661907517355,0.07697518793247969,-0.004861612887532259,-0.03473381656796866,0.012899191007313888,0.060823535532112234,0.01852234595656164,0.058566630993978096,0.004402100735296094,0.060906920198595,0.018471481146736007,0.18349121616456518,0.007696707565559896,0.0773251905717929,0.04708574993538812,0.06759807437482936,0.010224728092430642,0.3826899015646675,0.06747852438469061
1999-07-01,34.885769382223984,34.70490645164165,0.18086293058233593,0.0993901964392439,0.025998075728338513,0.07436093626684831,0.03652442502684492,-0.029390152480588863,-0.0561353682725697,0.06603589224012248,-0.0025472973386604252,0.05916916834988322,0.02531207922795254,0.06628846961621987,-0.0029883506804074932,0.19023952442675723,-0.0030951023952826362,0.08806428957860694,0.009088659541181484,0.0716849173713748,0.004187143566950422,0.3853699667713196,0.034661729998453274
1999-10-01,35.869431108314046,34.885769382223984,0.9836617260900624,0.11421696066125908,-0.0003186038692198347,0.09400133980607897,-0.002493134814119107,-0.05264498693492685,0.006569032457428369,0.06531905958827582,0.007978661942464216,0.06263375814633769,0.026632709448541368,0.06541783251159074,0.007529832282961435,0.18752580497093732,0.003330676384771989,0.09013718880578092,0.010098642185620487,0.0733585265086965,0.0025506259214508427,0.3867466373108476,0.19924363331121095
2000-01-01,35.78571507932867,35.869431108314046,-0.08371602898537844,0.11403526011932262,-0.024851101799147107,0.09266069792626801,-0.011136002169732012,-0.04992367652005751,-0.014690745313885261,0.06756432766577962,0.009080127491487362,0.0662791091495637,0.0408661684926654,0.06761160160976316,0.008386906979590821,0.19044607065267102,0.00973420434370878,0.09244044018044491,-0.00902060477643856,0.07437801647357933,0.008495753741908755,0.3946600576790837,0.0405374702867451
2000-04-01,36.62831090558698,35.78571507932867,0.8425958262583109,0.09986261784827871,0.03581107490030942,0.08667249752977901,0.02169027288283623,-0.05600951617512894,0.0048969151046284205,0.07011955817226284,0.012124983405741,0.07187266427021627,0.022230608713245274,0.07005507400989966,0.011758151977131561,0.19898081242881088,0.025281910309876657,0.09038306256771825,-0.007564754125287213,0.07777378517927219,-0.003570977587008949,0.3962700967940743,0.35923868500127837
2000-07-01,36.613602299737735,36.62831090558698,-0.014708605849243384,0.12028575876193687,0.01376368715029686,0.09833608188413444,0.00357349323357072,-0.0539809029567718,0.015526803990285236,0.07353163884161446,-0.0044451098191037545,0.07491547791753714,0.01782850797794918,0.07348073735666698,-0.004758286000665813,0.2211474496272359,0.005481785190236457,0.08865772860521066,0.020893702551619465,0.0763464587398442,0.0021509415815104418,0.4105380896011876,0.03794855342948147
2000-10-01,36.85440404493666,36.613602299737735,0.2408017451989224,0.12813522217359197,0.01229810935188562,0.10025766857853015,-0.009266151059142682,-0.047548714703444274,0.049685772768912756,0.0722807444874228,0.006931636644714627,0.0773557542089529,0.0203230317279503,0.07209444077046709,0.006589078695832729,0.2259537614138971,-0.012326584369744398,0.09342306717640603,-0.003040932811715642,0.07720619412438534,0.0036458337388435183,0.41204530391294875,0.3063461239007034
2001-01-01,36.948128098158605,36.85440404493666,0.09372405322194766,0.13514886309233934,-0.003377201013730248,0.09527494959189939,-0.010678927453810175,-0.02696571229279618,0.024484575523142104,0.07423137011806916,0.006128073214869795,0.08013746833538156,-0.03495561457207449,0.07401412725021152,0.0067408924889901176,0.2151460763825505,0.002482113868399178,0.09272950535392478,0.04873907669031599,0.07866344070810546,0.0006296007805260307,0.4242125466816019,0.1649468869404865
2001-04-01,37.464573711658495,36.948128098158605,0.51644561349989,0.13322283734781287,-0.03511014638802579,0.08953253354004241,0.0036150454804727053,-0.01682264620101046,-0.07632021345994051,0.07595586568702212,0.01964395439855601,0.07535292003792426,0.04395130742465203,0.07597804372015886,0.018912519614146528,0.21732234063361422,0.020948283581062772,0.10384568744290591,-0.024021764591721388,0.0789150933209918,0.016576094092227184,0.43076379267676584,0.049488376858485124
2001-07-01,38.0946019433372,37.464573711658495,0.6300282316787076,0.1131994376264149,0.020263206082381486,0.09147646426576832,0.03444681268174566,-0.048439325384674235,-0.06103228337719812,0.08148385321739693,-0.0009110765958483118,0.08136875342217367,0.05676508898164312,0.08148808691089206,-0.0018933236478855065,0.23568934678068285,0.027915465197957113,0.0983669150197658,0.005128597005253792,0.08554058922058916,-0.001560545728165111,0.43272933768773836,0.0213193289205323
2001-10-01,38.413944527903524,38.0946019433372,0.31934258456632136,0.1247555920935738,0.01816042054553058,0.10999966623848985,-0.034488364928647645,-0.07372277305736936,0.13317220345513875,0.08122746797240593,0.004906851773568378,0.08913847262657025,-0.07203817748275292,0.08093647901904445,0.006158740983510306,0.2601650284710271,0.003959641187375898,0.09953662158876062,0.02809726364144572,0.08491683616600554,0.010603581225712852,0.4335760839998443,0.07540230092082342
2002-01-01,38.774777127748436,38.413944527903524,0.3608325998449118,0.13511252298395204,0.034090614006522316,0.09145412023443814,0.006232837035297768,-0.018554389192290948,0.045983227201998586,0.08260830071449768,0.01227994821401739,0.07927825006586084,0.02585720603567346,0.08273078932311928,0.011850667865612402,0.26363675701371614,-0.013138306483252586,0.10594491489363722,-0.03193754155691635,0.0891551074705194,0.004175601771929272,0.4365708602644726,0.017912245131078496
2002-04-01,39.220725604389465,38.774777127748436,0.44594847664102844,0.15455448097115332,-0.013891128697984794,0.09480572493396555,-0.0014958808884714644,0.0004947837117944253,-0.021737525586399332,0.08606398989109883,0.024597624788219623,0.0828174540715549,0.04592271487060886,0.08618340658992257,0.023839203042632342,0.25211737142748525,-0.007983154562984129,0.09866074885009737,0.010995301744362147,0.09082410333072277,-0.0010605281835442204,0.43728228638688077,0.048896839504405945
2002-07-01,39.575601586898756,39.220725604389465,0.35487598250929153,0.14663233734272366,0.03491898406649389,0.09400133980607897,0.027715348683624075,-0.008510279842864114,-0.014093560545028137,0.09298598534819026,-3.418341359015242e-06,0.08910312376835716,0.03464159805295672,0.09312880789432144,-0.0006020569385228457,0.2451179125761702,-0.018347107531530085,0.10116850616955243,-0.005379292353799713,0.09040020822658153,0.008361449558649594,0.439224337127705,0.16272026754254432
2002-10-01,39.973485010870476,39.575601586898756,0.39788342397172016,0.1665467167389597,0.010768810779630412,0.10890480870331089,0.0298760655225273,-0.014348727642038334,-0.06580976152805512,0.09298502339582447,0.006221026778788523,0.09384469106775989,-0.009122620090445283,0.09295340240619916,0.006387564713166639,0.2290315618492222,0.010476969175513804,0.09994162217060744,0.020719185811324044,0.0937422952983182,0.009825291374558821,0.4456871477987225,0.10868466264844526
2003-01-01,40.103249149230045,39.973485010870476,0.1297641383595689,0.17268819505641209,0.0062446358367087606,0.12497016722971231,-0.0009141494318436726,-0.041611310161911164,0.014332434452570987,0.09473567694355409,0.010847232726779956,0.09259603282053917,-0.016056662431992528,0.0948143790592954,0.011140208728033656,0.2382175439133216,0.005519056586593432,0.1046671577747703,0.022770453196839225,0.09766948268952722,0.0036257931308064867,0.4500038098110724,0.14471127715887877
2003-04-01,41.22775633892266,40.103249149230045,1.1245071896926149,0.17624952567836671,-0.03415433478036628,0.1244785985404483,0.008019583652083127,-0.03567390562037806,-0.08706953929936875,0.09778818694414342,0.02582748070658354,0.09039827781487522,0.12477534429160014,0.09806000854164815,0.023708182185901976,0.24305653446162684,0.0034614441899751833,0.10986053691063276,-0.021347905901224144,0.0991187190046258,0.011721207311741748,0.45575135189887317,0.31977200779584564
2003-07-01,41.221156746453644,41.22775633892266,-0.006599592469015647,0.15677122758277814,0.02058180995160132,0.12879099658717358,0.0008310449380397024,-0.07174363821019167,0.03618939699274174,0.10505627504851636,0.0013205432485667579,0.10747689789932803,0.09854542706033835,0.10496723774660177,-0.00038051073661598764,0.24609145455276416,0.0029359777346434535,0.10499160575044127,0.055927259576675374,0.10380370755199964,0.01700261870967197,0.46845183460755213,-0.044619748898492115
2003-10-01,41.28678225970058,41.221156746453644,0.06562551324693544,0.1685090825918735,0.06193659217633587,0.12923787721377722,0.05131702492395162,-0.05675169174282058,-0.031411918841884746,0.10542788793578382,0.013172578427050444,0.12096529914862014,0.04746711854524185,0.10485637834573572,0.01237113788589844,0.24866565691598788,0.01949178206339138,0.11774723518392954,-0.029347143391552435,0.11059968614120015,0.004229143202430842,0.4666796583834447,0.1618645694452591
2004-01-01,41.846868677455774,41.28678225970058,0.5600864177551941,0.20383166794432142,-0.025042264120679007,0.15683275590655296,-0.005027821875140199,-0.06976450336301397,-0.03248685142582757,0.1091347713773872,0.012740436776650342,0.12746235903445244,-0.17159828876257693,0.10846063126710895,0.015723998884768803,0.2657556337434578,0.018819702711271362,0.11105387511466187,-0.007072626813095222,0.11229008261159994,0.022359030922856765,0.4731084830312223,0.30837173205616597
2004-04-01,42.147645425582034,41.846868677455774,0.30077674812626043,0.1895500053481156,0.027208770431373885,0.15412912811560084,0.0036981499742766754,-0.08322262032382233,0.04036969037474161,0.11272004622602097,0.0313390370665656,0.1039748503639148,0.08650894409289513,0.11304171907316257,0.02988888955267102,0.2822563457968502,0.000691086866352054,0.10944078326227974,-0.06207961881462158,0.12122702920915958,0.044315584542047655,0.4853561774989793,0.1058582694467456
2004-07-01,42.537600874097684,42.147645425582034,0.38995544851565,0.20506723162948934,0.011214856196538182,0.1561177469039871,0.03677373850825683,-0.06649893086517075,-0.08468080022394026,0.12153913644599536,-0.004531302663445724,0.11581575850532543,-0.021926091560672458,0.1217496583492749,-0.00415887955930303,0.28286227595209795,0.04229932293638542,0.0952819523278606,0.05089870044663504,0.13894005147109745,0.017272416463685703,0.4895605827874416,0.3183716114751323
2004-10-01,43.17464705487505,42.537600874097684,0.637046180777368,0.21146309070565275,0.04460454169077686,0.1758922146311989,0.04641385978951738,-0.10157909603139552,-0.04980520972268418,0.12026398664103942,0.005833526134432787,0.11281462563065653,0.016701461677930178,0.12053799504558287,0.005553250014196953,0.31994941587852893,0.015173543046551462,0.10689069136599096,0.014366890513399922,0.14584386872862312,0.015603984888713767,0.5022054455268208,0.13322626497769802
2005-01-01,43.67351770704571,43.17464705487505,0.49887065217065896,0.23690116657675725,0.10673229618864463,0.20085049762701304,0.08393553874200994,-0.12221157681322305,-0.04120574905114159,0.12190559398113945,0.020041975937983444,0.11510063750641474,-0.039304220612393616,0.1221558993783444,0.020749830229255816,0.33325325327076083,-0.008124121188117688,0.11016742498189758,0.20839972850268157,0.15208081075624053,0.020323869909009546,0.5074968338705166,0.11954814290296614
2005-04-01,44.2383024407417,43.67351770704571,0.564784733695987,0.2977708481254715,-0.03275247775579901,0.24598544091398228,0.013587584736949133,-0.13928161487013072,-0.10044647812176834,0.12754558839475855,0.033329258708414966,0.10972087393721272,0.11077393809921489,0.1282012314174483,0.031462637965771964,0.3261301979032758,0.00856218047962431,0.15769826648818175,-0.24831912159592856,0.16020429967931774,0.01863656939501308,0.5122449640532033,0.15792841602005964
2005-07-01,44.265433791611436,44.2383024407417,0.027131350869737503,0.2790920324144034,-0.011979505482665785,0.25329193915895204,0.0071885387140434255,-0.18089292503204188,-0.04311674031148439,0.1369247450960334,2.253573192252779e-05,0.12488305212871416,0.036311067243688266,0.13736767235830166,-0.0006049154918332959,0.33363733427046416,-0.0005655979955986766,0.10106279533686537,0.12212917324276511,0.16765337142216705,0.0198721191196806,0.5185174552906239,0.07966629709647385
2005-10-01,44.98043077201646,44.265433791611436,0.7149969804050258,0.27226009203759244,0.07200447444368265,0.2571574565790737,0.015540540341342434,-0.19875461702782063,0.09041377400496864,0.13693108685607458,0.012590700764601004,0.12985312795448545,0.04563538491330513,0.13719143404871906,0.011820082300524217,0.3331414300680157,0.01013952366285158,0.12891744955548012,0.04768530935547574,0.17559629470742355,0.01933575294269405,0.5216815859964742,0.12806923451168417
2006-01-01,45.58319623796135,44.98043077201646,0.6027654659448913,0.3133244145152325,0.03479154251880595,0.265514124296562,0.04200932161790696,-0.16129949004498265,-0.055657620457484,0.14047422462829987,0.02770008608463482,0.13609946937527667,-0.012257651845219006,0.14063514040422723,0.027952071265724444,0.3420315471376689,0.009540990552492457,0.13979329328828077,0.10049507755126637,0.18332483142570385,0.021379174833860363,0.5267681509826998,0.14538209139003969
2006-04-01,46.29663333064005,45.58319623796135,0.7134370926786957,0.333166113694694,-0.03460038019727405,0.28810393997137684,0.001267343530510546,-0.18435641101460287,-0.06849709298791218,0.14826928092701666,0.03825410108595071,0.13442170378640558,0.09271295327385783,0.14877879989999265,0.036706056931375144,0.3503968832020121,0.05120735476200789,0.16271374350945042,-0.052221632523846005,0.19187012770662557,0.016346526320612922,0.5325423360046408,0.2564637951683325
2006-07-01,47.068408840664866,46.29663333064005,0.7717755100248169,0.31343343484039443,0.12585490041921912,0.2887854329269474,0.08563502564030112,-0.21273225688601316,-0.010247690633588278,0.15903433309005657,0.00489676133629744,0.1471117854276264,0.01521653999548441,0.15947287785363054,0.004641402753342811,0.3952943945446195,0.05235996044212072,0.15080327627168527,-0.14297693999115058,0.19840386493732015,0.02382389423973253,0.5427283870551665,0.30364383103260073
2006-10-01,48.09192441139735,47.068408840664866,1.023515570732485,0.3852087829161351,-0.042788499636223803,0.33483424709532106,0.10500252792131647,-0.21697750113320932,-0.3820190966379025,0.16041232629127594,0.026077665312494402,0.14919454870957277,0.321706491591599,0.1608251212436322,0.02055500536720266,0.44120248584858074,-0.017967341856182952,0.11819376030638287,0.10713717947174242,0.20792632015020443,0.034256903680388945,0.5547883020308659,0.21484720508893734
2007-01-01,48.647612791773966,48.09192441139735,0.5556883803766155,0.3608064001340684,0.06616765155957526,0.391297614266693,-0.12737841287803545,-0.3752340713506563,0.4901573145825506,0.1677508186204657,0.022053847075106686,0.19322811142814106,-0.21766082044211169,0.16681369228914864,0.02584709790404287,0.42544910552785026,0.04827523941203565,0.1426291102633584,0.1478876593989347,0.2216188688051827,0.030511799400800253,0.5633214542353019,0.1299792903894046
2007-04-01,49.3830755526828,48.647612791773966,0.7354627609088311,0.3985419686834325,0.02292673442905926,0.3228019862240177,0.16303855116931895,-0.17217978386734206,-0.4256613595459812,0.17395697188036863,0.041320150716630366,0.16343579564086758,0.13831359328647957,0.17434408108514263,0.03898899435440823,0.4677758009633473,0.02111756741414743,0.17635864028784523,-0.07820781704502466,0.2338144922551083,0.028270449949255913,0.5684838814954482,0.21510334922497099
2007-07-01,50.10508037877226,49.3830755526828,0.72200482608946,0.4116171396811802,0.07560469816586678,0.4104732619542558,0.11460109695567496,-0.3485157509137573,-0.1876951728517941,0.18558483831094486,-0.007925728293493348,0.18236746299603696,0.06390745501775703,0.1857032784443009,-0.009041756958022661,0.4862912315477133,0.07443697069738676,0.15852136485938081,-0.07977476957658843,0.24511424412526683,0.030275250796558868,0.577027207054935,0.07155420991989972
2007-10-01,50.7426604025767,50.10508037877226,0.6375800238044462,0.45473467828270225,0.13772608058635025,0.47209810036289995,0.029252781818997525,-0.4262710112222512,0.17407936012185168,0.1833544662439648,0.015678412551078102,0.19111479325594638,0.1402417621984891,0.18306901963715858,0.013277335828908046,0.5515559723594141,0.0558361928914119,0.14032670618017637,0.06593025930086353,0.257215318654395,0.03464105001170256,0.5798691475114651,0.06244264446348236
2008-01-01,51.32897727635991,50.7426604025767,0.5863168737832041,0.5332801885509955,0.013661733912146489,0.4878282984193486,0.04204256341542866,-0.35415628522821374,-0.09525097063271136,0.18776651421149634,0.04984116416701474,0.21031037865112456,0.0834348553141742,0.186937287608203,0.04847058516515883,0.6005119497833861,0.024418109815834563,0.15536377330023857,0.30960911674031255,0.271061411318523,0.02090210150593786,0.5823492011339165,0.31366844888915285
2008-04-01,53.24112833023612,51.32897727635991,1.9121510538762152,0.5410715077892309,0.2275659996289592,0.5104359893192276,0.3104991649750838,-0.39361528624381914,-0.4659474440530828,0.2017922713693766,0.05641543221342732,0.22173052101820914,-0.04178472440523625,0.20105888659072912,0.05721759647168037,0.6219212252188524,0.016318649671435145,0.22597798168916683,-0.25922197152105014,0.279416020495452,0.0302342091949531,0.5948072669253356,0.7079994686681789
2008-07-01,54.28050374366991,53.24112833023612,1.0393754134337883,0.6708529368727673,0.03632084109106116,0.6774017634340185,0.05437527029593767,-0.5866403078890603,-0.08820419036019729,0.21766808738223886,0.01885658377833418,0.2160112385950499,0.10628067271905622,0.21772887209562608,0.01704782392709896,0.6362290675615091,0.007105784703604166,0.16685583919964336,-0.05217936552796848,0.29150069061943873,0.022200144946829637,0.6229270985252137,0.55774797999959
2008-10-01,56.044132384935416,54.28050374366991,1.7636286412655053,0.6915667986535238,-0.31220630352590056,0.7066411628326956,-0.23918304361720677,-0.6231800850050787,0.1023096946006026,0.22297450165490493,0.0161244427958147,0.23055840127365468,0.34925718768771763,0.22269564797016728,0.010112054764876218,0.6424592673211126,0.04351974844832192,0.15495501202185544,0.44439922121039616,0.300374130194366,0.008383674648406857,0.6450793457610251,-0.01610386451161758
2009-01-01,56.6917062455318,56.044132384935416,0.6475738605963812,0.5135148035991473,-0.08040287243631744,0.5780244496898975,-0.31750487380275844,-0.5807969122527682,0.7619241591940508,0.22751206659224044,0.026035100632312617,0.27836296437983327,-0.16919563751523659,0.2256417312863136,0.028995892113120366,0.680616450184142,-0.19334242541959212,0.2563115209800505,-0.08152356516126304,0.3037251006761651,-0.07869098818187185,0.6444397436451849,-0.3702005644960065
2009-04-01,57.870791663300096,56.6917062455318,1.1790854177682988,0.4676608548360621,-0.025061380352832154,0.4072914718928378,0.04622687467845844,-0.26515953898775046,-0.1798601086843887,0.23483858083308273,0.06998610814304655,0.2552043184993102,0.1380856167800216,0.23408950139609985,0.06770035932079467,0.5110979546745139,0.20499449076600385,0.23771800513169675,-0.11845489214916241,0.27227216510319835,0.06988162239093262,0.6297363745149936,0.019050642185092656
2009-07-01,60.7334307621481,57.870791663300096,2.862639098848007,0.45336829020734015,0.11887747568330463,0.4321492067476662,0.0990106939180501,-0.33966901814687295,-0.06177279249058094,0.2545333085475119,-0.013416356808044,0.2741047815795959,0.041588318444621505,0.25381357367712515,-0.014154769665524737,0.690832731389971,0.03767233045482725,0.21070136386811,0.030809540016868708,0.30020398064624865,0.05431140485268689,0.630493014701634,0.31673506245266136
2009-10-01,62.48163407779968,60.7334307621481,1.7482033156515797,0.5211643964146723,0.029611043605291484,0.4853905646012257,0.17503052962523188,-0.36525923172088065,-0.4476019279537919,0.25075782365108096,0.050474975297074474,0.2797971809450268,0.2113901759286354,0.24968967089721306,0.04689381797395783,0.7238630234595187,0.014577267387151024,0.21772826056296085,0.379517562665781,0.32191235103499927,0.03996633555238875,0.6430728781225767,0.3243840272779509
2010-01-01,65.88495590696942,62.48163407779968,3.403321829169741,0.5380516447822469,0.04786067323420359,0.5795103277733546,-0.027790142728047616,-0.5506843755529595,0.16958853066004617,0.2649619410287264,0.03669272935837796,0.3087312025241109,-0.020972569028277818,0.26335188871305687,0.03710847292635599,0.7366440591310667,0.07122584219202131,0.3042868623880414,-0.06389431757978437,0.337886970318106,0.05123472332768083,0.6559565378206623,0.716349777117577
2010-04-01,65.58689721840682,65.88495590696942,-0.2980586885626053,0.565346700191942,0.16452703806512253,0.5645666396197284,0.2662626429232305,-0.480430036315269,-0.45695384143409445,0.27528760897893506,0.07150030675986457,0.3058605830065895,0.020752456654678373,0.27416320802629274,0.07124348088620716,0.7990933512799285,0.05780456219851493,0.2897141433933627,-0.15511865885790435,0.35836558533053714,0.015021611513000698,0.6844080211770676,0.3696784846236411
2010-07-01,67.56594172288979,65.58689721840682,1.979044504482971,0.6591768600479302,-0.07548362869556315,0.7077449579804067,-0.08331225503848017,-0.6697293366106981,0.09798607687407694,0.29540844596354743,0.023835967691331922,0.30870107465208674,0.20608436059655602,0.29491954640690415,0.020309132721627546,0.8497751527325548,-0.02169345397263851,0.25433540061948456,0.004173609975576013,0.36436975162755403,0.035915966010297076,0.6990906547011712,0.20618689081628755
2010-10-01,68.54045920049535,67.56594172288979,0.9745174776055592,0.616128367652344,0.13548948142442685,0.6629451751633902,0.11600556290096202,-0.6291372808950835,-0.07948529273488326,0.3021161041823929,0.03633950075127743,0.33690886297724304,0.17534276700586163,0.30083648400937973,0.03336055906756266,0.8307547971542679,0.016850684670880276,0.2552872981852033,0.3655007621016905,0.37872543060761515,0.04742898891832282,0.707279842552912,0.20806010496179525
2011-01-01,72.01378901459444,68.54045920049535,3.4733298140990883,0.6933983401162431,0.23009571435056464,0.7253252418309944,0.037060449011880436,-0.6620651369150026,0.32476102099988147,0.3123423703881358,0.061165521384374984,0.36090889695231604,0.06604569313064354,0.3105558722812513,0.06011253984886872,0.8455291163835607,0.05689088846501114,0.33864901328291747,-0.02951783502610318,0.397682886438404,0.012997885548456151,0.7155434294242189,0.847505048822887
2011-04-01,71.75978166249212,72.01378901459444,-0.2540073521023203,0.824622471502755,0.04955721953040481,0.7452538833743845,0.1347232504103529,-0.5275284978409803,-0.2943567683273234,0.3295549047201516,0.07349560527165823,0.36994889846540785,-0.04993996194912176,0.3280692812626851,0.07446268206239198,0.8954098282855925,-0.03530686175496391,0.3319167226589578,-0.21076865438878048,0.40287816567159285,0.03772624419374442,0.7492040468506359,0.4526956939924235
2011-07-01,73.25970085684115,71.75978166249212,1.499919194349033,0.8528850712872089,0.18842298610987934,0.817699075933374,0.18740140735544708,-0.6494697646146894,-0.1854865804143021,0.3502372368634669,-0.009525777920517415,0.36311336824104046,0.32636240138762473,0.349763513582461,-0.015179417641653096,0.8644535284829036,0.04874888127644477,0.28384558754652883,0.3839665647318643,0.4179574162370243,0.039006400849181895,0.7671839002889482,0.1588570564282022
2011-10-01,74.97796089335962,73.25970085684115,1.7182600365184726,0.9603431469637106,-0.17806859829360436,0.9184710733453939,0.002874610577042422,-0.726310085677366,-0.342030969946694,0.3475565962707759,0.026970713322804693,0.407784208420194,0.3072311137075685,0.34534108608352937,0.021700624807796175,0.9071955029555326,-0.0757797516755579,0.3714188970854029,-0.20651483551503316,0.43354834781875873,0.037693537706025904,0.773493274621695,0.31857927059027663
2012-01-01,75.84430970686017,74.97796089335962,0.8663488135005508,0.8587902032061792,0.11132207517288127,0.9200168474872115,0.07385532041118016,-0.8680010343453495,-0.003628378921167731,0.3551464004369237,0.05179293579883665,0.4498364543901386,-0.1824761731528768,0.3516634261205181,0.05502062991536795,0.840753440556371,-0.016483117567014233,0.3243179532114041,0.4466775791072759,0.4486145255397032,0.03938130864681912,0.7861463850217103,0.4336419370127996
2012-04-01,79.09008193984351,75.84430970686017,3.2457722329833416,0.9222774465906819,-0.1011372571929924,0.9597313206193313,-0.19867923303651294,-0.8695041393172392,0.38150997655704366,0.3697214038933824,0.08925795709388601,0.42486003574400216,0.07848845830082968,0.367693339289161,0.08802907163493705,0.8263013962872221,-0.07079124321418939,0.42619409944969183,-0.33632867785801007,0.46435530847134865,0.03429621073085465,0.8033694745621346,0.5366776041142293
2012-07-01,80.4717957598463,79.09008193984351,1.381713820002787,0.8645986290454558,-0.04409354154723963,0.8528948595707605,0.10173681155726473,-0.711458478969311,-0.3750783309942952,0.3948394052789895,-0.007555800455827743,0.43560314022465657,0.03783419226389187,0.39334005356333085,-0.00822089325907443,0.764233151209184,-0.006403264925039807,0.3494858177444137,0.4463402633423087,0.4780635682281243,0.020043945736063735,0.8246848632297369,0.1815000483085428
2012-10-01,82.17281572656074,80.4717957598463,1.7010199667144406,0.8394519777676486,0.059453098656174104,0.9076021419526388,0.15059812058734337,-0.8668397432789973,-0.3214385406604784,0.39271313427192145,0.009565025543528585,0.44078169372451376,0.04567646869231086,0.3909449482125861,0.008789248017303861,0.7586189057372622,0.08438377011715385,0.45128503057075586,-0.6440215406221147,0.4860751709342356,0.008131781395425969,0.831893556201508,0.19922648774103563
2013-01-01,84.65450729907113,82.17281572656074,2.4816915725103854,0.8733582208778818,0.111020089426597,0.9885837825509836,0.02123025514592324,-1.0,0.14707002809271322,0.3954048195028864,0.06181627229494728,0.44703365848585563,0.38082295395016746,0.3935056401339938,0.055324314175113215,0.832604787132131,-0.058349169506884145,0.30439959077735035,0.581856794106489,0.4893254592103549,0.03577835716631149,0.8398062955938855,0.35119816762798395
2013-04-01,87.19199277270548,84.65450729907113,2.537485473634348,0.9366732410753552,-0.07969248782491627,1.0,-0.1320335840642105,-0.9390742545789604,0.23014069599581133,0.4128004810630579,0.08508504853115004,0.49915878454244483,-0.29398360050196287,0.4096240297944887,0.09028633202052683,0.7814454856618137,0.02511184470020328,0.4371067841059361,0.04698656566653039,0.5036261356773691,-0.0011646474696947748,0.8537549407114613,0.04151447033924246
2013-07-01,89.20222643190516,87.19199277270548,2.0102336591996846,0.8912244263402748,0.08350879487212033,0.9290011308912852,-0.13507395852119192,-0.8437353630515686,0.5447811330792989,0.4367441880050831,-0.024745637323197768,0.45891979139409594,0.19559262848275707,0.4359283826314246,-0.028160572648748255,0.803463012977981,-0.007043196764668482,0.44782326162568364,0.14527694467403865,0.5031606238992623,0.015794260864921396,0.8554037836365749,0.3941892690472287
2013-10-01,91.26105341060436,89.20222643190516,2.0588269786992015,0.938849690031769,0.10482369537707055,0.8563673508646957,-0.010447529805381573,-0.6180524210230878,0.22650962639894867,0.42978054047371483,0.04582183167972645,0.4856915243205136,0.404304647029218,0.42772397757402975,0.03890062854205549,0.797287688982051,0.10676406023044173,0.48095735196942463,-0.600113702538262,0.5094736195914609,0.04293320341637815,0.8710599194878322,0.6306127472210274
2014-01-01,90.78334040669624,91.26105341060436,-0.47771300390812144,0.9986308920128856,-0.0375030268012747,0.8507493650588953,-0.07183104523659282,-0.5242177491163318,0.13617480165366644,0.4426752208932072,0.046422631507466505,0.5410307061452008,-0.1637732245480328,0.4390574301116316,0.04931911381277318,0.8908961291652464,-0.05128520254999546,0.3440862078175815,0.2715553411993431,0.5266341015246069,0.008516035360200468,0.8961061589856513,0.04828012316895777
2014-04-01,93.36487721679087,90.78334040669624,2.581536810094633,0.9772428269189636,-0.06780124421632888,0.8121234123148205,-0.022882247867557326,-0.4678054983953237,-0.06131302734212894,0.4557389718515847,0.08346232922386439,0.5186142528150862,0.1846515005785607,0.4534262425586943,0.08039070415419822,0.8459303625503171,-0.023746511871459135,0.40602128794204917,0.36501631184426997,0.530037976831172,0.03646149995320592,0.8980237154150174,0.017665413663379374
2014-07-01,95.65515345038332,93.36487721679087,2.2902762335924507,0.938575616604663,-0.0007544909203614009,0.7998188631898662,0.17752643963081707,-0.4932052480471351,-0.5116926773590138,0.47922603081357623,0.0047503457997599445,0.5438884193125587,0.07579201019010035,0.4768475666900256,0.0034473908861022084,0.8251099298009337,0.041651436752018975,0.4892725118766099,0.30201273296600595,0.5446117067514441,0.028961817167406912,0.8987253380564734,0.3881829501777069
2014-10-01,95.80517225262614,95.65515345038332,0.15001880224281194,0.9381453286440946,0.006309744512727789,0.8952807605549705,-0.02490016783374277,-0.7051808504107416,0.08339940808564958,0.48056282135041295,0.02321468389611643,0.5542624475696848,0.8412241502591932,0.47785194226056327,0.008710859154118226,0.8616290170043427,-0.09702896749666533,0.558154172359686,-0.45153000500519214,0.5561877993954598,-0.020999976396887082,0.9141429191027903,-0.2572514516995781
2015-01-01,97.29522558354785,95.80517225262614,1.490053330921711,0.9417437908983373,-0.09555260009558135,0.8818911084498426,-0.2993167981849748,-0.6706315192439012,0.6812483667981923,0.48709564465551886,0.05462991731083797,0.6694049683113452,-0.5374976296521748,0.4803897960815678,0.0639963785277341,0.7765560975186614,0.08693233939271953,0.45517130737501627,-0.2982339293661403,0.5477940694410395,0.02778443612193328,0.9039255844567291,-0.7058952170296712
2015-04-01,98.76615110536552,97.29522558354785,1.4709255218176764,0.88724991653542,-0.14515312069552688,0.7209384665368594,0.05157189876083518,-0.38841518256189234,-0.42030937065700796,0.5024690005263672,0.10612764907467025,0.595835002504075,0.19480001557169774,0.499034736942571,0.10291304628451921,0.8527765098415373,-0.01253034207100282,0.3871514988544118,0.6168594925581389,0.5588995606728258,0.005197654658352974,0.8758893280632419,-0.19847545546522832
2015-07-01,99.8305768152814,98.76615110536552,1.0644257099158807,0.8044687476854349,0.07289601409280444,0.7486703994065129,0.11907065620789409,-0.5625340159286958,-0.20561948892007323,0.5323342867518278,-0.007997937209756292,0.622498246571104,0.08377031886807483,0.5290178032651285,-0.009456985150910646,0.8417901744240126,0.06281771617523842,0.5278419449652881,0.3950119596187006,0.5609770729887452,0.029368052499471536,0.8680064176496368,0.057158322068302965
2015-10-01,101.8639973753214,99.8305768152814,2.0334205600399997,0.8460415173385595,-0.1162964277611736,0.8126986691434138,-0.21705818176754618,-0.6477146662489043,0.40592401357078395,0.5300835944387005,0.03574632154587377,0.6339643054982411,0.5831726163039049,0.5262625703454141,0.025719739668546075,0.8968674018575015,0.014740964653419677,0.6179344368347369,-0.4824751810097986,0.572715538656942,0.05332372411962073,0.8702765922221061,-0.2356113437810313
2016-01-01,103.04100662194588,101.8639973753214,1.177009246624479,0.7797173888801592,-0.016381671838519022,0.695979233361113,-0.09481383254678405,-0.4795551613393819,0.24182551786693843,0.5401429346180324,0.08997254552933846,0.7137860332126102,-0.08941522801979415,0.5337558541235364,0.09164631165082317,0.909791963784276,-0.02521823553912546,0.5078937399295228,-0.336267394298719,0.5940291312041437,0.018531221563924102,0.8609187443657983,-0.18036982771033677
2016-04-01,104.55323027169548,103.04100662194588,1.5122236497496004,0.7703748825943039,-0.021381704280994913,0.6449946680749735,-0.13202616545070492,-0.3793756745401805,0.3394159474102046,0.5654620276922263,0.16836183866859658,0.7015473275790198,0.11972220954172737,0.560456428439912,0.16653359261311948,0.8876811552603711,0.036245390538468314,0.4311994354936227,0.5856527028482009,0.6014360952213113,0.07040328965462776,0.8537549407114613,0.12084156511021209
2016-07-01,106.28350383375948,104.55323027169548,1.7302735620639993,0.7581808459528303,0.05281168362862122,0.5739997882025806,0.15025585834465702,-0.23876803427564686,-0.33290328537297365,0.6128405812088946,0.020570932358775097,0.7179343000537739,0.19868918352931683,0.6089749392849654,0.017166831900630907,0.9194603369888807,-0.025656288032535047,0.5647723820459336,0.4205737189964586,0.6295764221481251,0.0012805795646252047,0.8585544421398409,0.4331975816468994
2016-10-01,105.272086506838,106.28350383375948,-1.0114173269214888,0.7882994743279184,0.10630814726869442,0.6547973829587892,0.2156496733288149,-0.37667771633319996,-0.42059725957938743,0.6186294287728988,0.0521242786652938,0.745129873823998,0.0825963152861432,0.6139763873812719,0.050771453638099505,0.8969654534256982,0.030460950278908036,0.6606948811919531,-0.44769686963435296,0.6300882722020236,0.026501813665456897,0.8757598830821904,-0.09804146961206224
2017-01-01,104.9562669680792,105.272086506838,-0.3158195387587881,0.848927262742047,-0.06399463241230641,0.770759416698354,-0.09282575245411412,-0.5509158115742404,0.14686623162412354,0.6332976751272432,-1.0,0.7564352410594598,-0.08271284622944128,0.6287683298675064,-1.0,0.923672961888302,-0.05640071584827241,0.5585862599075632,-0.17235962892794984,0.6406810968322068,0.03184759889811126,0.8718659400253097,0.45956382374277344
2017-04-01,106.8680619382277,104.9562669680792,1.9117949701484918,0.8124309721639891,0.14163201153917362,0.7208439084955128,0.2731441544118409,-0.490074491592728,-0.5196479047763066,0.35188857499304854,0.5626790642493756,0.7451139236559582,-0.3137648069977437,0.33742464308493236,0.568905424664861,0.8742220228328104,0.04094756313979021,0.5192752768102368,0.8090246467418565,0.6534106418466986,0.025315307212092318,0.8901185770750975,0.03821455931738723
2017-07-01,108.18142354507609,106.8680619382277,1.3133616068483889,0.8932040441145439,-0.14568996025006561,0.8677226454800798,-0.19195511701307733,-0.7053456543548605,0.2786736085847972,0.510231584127816,0.1466939173953211,0.7021673786874033,0.6285018472902163,0.5031716469373989,0.1360425932926525,0.9101239687361917,-0.04038433028494011,0.7037938581694726,0.12397922970375388,0.6635292176220023,0.07317359023019149,0.891636356424127,0.014437012349135102
2017-10-01,108.68017563835464,108.18142354507609,0.4987520932785543,0.8101167143939094,0.03798189064693922,0.7645019662555299,0.13655694038720995,-0.5899013483165386,-0.3213240571154906,0.5515125874171932,0.10983021602231867,0.7881935430164805,0.5638381936854179,0.5428067976267426,0.10024363921668418,0.8747158533305326,-0.033979891543797075,0.7320704646672805,-0.3789081617124489,0.6927768388849805,0.061667172908302,0.8922097556624438,0.29498044936361945
2018-01-01,110.31899593725088,108.68017563835464,1.6388202988962348,0.8317778766742656,0.16051536369879996,0.8379331951747042,0.13295790772991728,-0.7230141786828498,-0.08130475921867733,0.5824198096755782,0.12477327434721486,0.8653688724353522,-1.0,0.5720121490526335,0.14223239448566805,0.8449230125736011,0.10887175486747741,0.6456508521793489,-0.245055119677445,0.7174253235623994,0.10838741849343833,0.9039255844567291,0.32908734919119764
2018-04-01,111.11191999353599,110.31899593725088,0.7929240562851163,0.9233201691285856,0.03451884538901091,0.9094291039981305,-0.030510092227075743,-0.7566957732668484,0.15239904220869588,0.6175321445304248,0.21568959252768477,0.7284939138334344,0.4570533033209847,0.6134506592420015,0.20809965081320092,0.9403794342491596,-0.00010209131027036024,0.5897598194156365,0.8640950920064505,0.7607479780309789,0.02133316979734172,0.9169960474308246,0.17459791049843684
2018-07-01,114.25476662129104,111.11191999353599,3.1428466277550484,0.9430063484884366,-0.012440130594953412,0.8930228081312281,0.183707517026657,-0.6935624117761987,-0.5513627746153739,0.6782291586719518,0.04176241002442712,0.791053065804364,-0.07860645661103928,0.6740791787280858,0.04318048340237379,0.9402899227760099,0.06347287795386887,0.7868386119822408,0.16557464088493345,0.7692748860125148,0.09899917070477442,0.9239306060826019,0.3846883646533455
2018-10-01,114.36032419088131,114.25476662129104,0.10555756959027462,0.9359117125180751,0.05860493118897705,0.9918084773085455,0.012042449352433019,-0.9219718877006727,0.07523334243584673,0.689981480896361,0.031180806856054632,0.7802938103098845,0.6182615044757412,0.6866595399595871,0.020541336190956647,0.9959415820176641,0.0046287832705944575,0.8246021065410182,-0.5923725450858622,0.8088450402309078,0.06481946986697665,0.9392093916060335,0.37163940164421744
2019-01-01,117.59698525255587,114.36032419088131,3.2366610616745533,0.9693342437109989,-0.016987064304344563,0.9982841046376189,-0.13390947919842483,-0.8908054595176934,0.3530665330148676,0.6987560436951815,0.13141059724494142,0.864918328140161,-0.5725733335323084,0.6926441285769007,0.14149293959824186,1.0,-0.04812992844119993,0.6894965296026682,-0.14222638004482047,0.8347535039153116,-0.006750040883865026,0.953969907471636,-0.2940133283521653
2019-04-01,120.37124665966377,117.59698525255587,2.7742614071079004,0.9596464806666675,-0.023558364624443526,0.9262765040456249,0.038728639131775044,-0.7445428798057183,-0.1554781627080094,0.7357361816139776,0.1454973432080601,0.7865473768163642,0.7035896827730288,0.7338672032531566,0.13354673256691377,0.9578007101098903,0.0013362038933430445,0.657058197861579,0.7337320596593766,0.8320554999133233,0.10429530903012654,0.9422924901185767,0.29129296237856855
2019-07-01,121.08727758203327,120.37124665966377,0.7160309223694981,0.9462110894710741,0.01236127333360771,0.9471021871471176,-0.08130146672598296,-0.8089518085488854,0.25686104768768675,0.7766804580380738,0.009533125581966324,0.8828511855186589,0.06546114551083786,0.7727752006769676,0.008415532260168316,0.958972265050313,0.010436433322906063,0.8244043958932167,0.4605197092405689,0.873742530554056,-0.028431612626458026,0.9538618618636195,-0.09280308513912747
2019-10-01,123.06988530475648,121.08727758203327,1.9826077227232162,0.9532607529583417,-0.0012268770395985158,0.9033836723818333,-0.10156544622668204,-0.7025436504560886,0.2896380688039626,0.7793631663295613,0.08814899714794587,0.891811177100489,0.4731315213729114,0.7752270128718828,0.08009891231301398,0.9681227061474811,-0.17203355077741123,0.9294375908388228,-0.6302539229410253,0.8623783616595353,-0.017582832093921783,0.9501759733262025,0.09552345111272424
2020-01-01,126.40718284476696,123.06988530475648,3.337297540010482,0.9525610620740774,-0.022881213710082116,0.8487685388631556,0.13143515687322524,-0.5825571686892704,-0.42068269904314176,0.8041690962946964,0.06816356399438264,0.9565710345016686,-0.2242001203211526,0.7985633252924303,0.07213534520834745,0.8172873753002724,0.11512976444282043,0.7856922052989456,-0.035517298185089904,0.8553504706923735,-0.006803300531737188,0.953969907471636,0.5419341289800792
2020-04-01,126.92993638150529,126.40718284476696,0.5227535367383211,0.9395118516502793,-1.0,0.9194456136791154,-1.0,-0.7568306583820907,1.0,0.8233509435002951,0.268397373327205,0.9258836523141659,0.448022393662525,0.819579502712764,0.2610388301990632,0.9182306856697878,-1.0,0.7775915850011355,0.975153223330731,0.8526311787092343,-1.0,0.9754940711462399,-0.9214581951156543
2020-07-01,127.54020460051136,126.92993638150529,0.6102682190060733,0.3692094809308318,0.8591481919241285,0.38171220583504234,0.473101496459649,-0.34256715268239873,0.25049676731391496,0.8988804068066855,0.18938919011791977,0.9872066988994561,-0.1495225239426955,0.8956315178963694,0.1922437572612268,0.04145211448067268,0.7909959708614964,1.0,-1.0,0.45292930306024337,0.8518909663905679,0.938896233973111,0.2248329113375292
2020-10-01,130.33366974404888,127.54020460051136,2.7934651435375173,0.8591837315844891,0.08136368803634707,0.63611468578242,0.23287572604918835,-0.23879548368849632,-0.5168668829090549,0.9521762483729131,0.053155125333206515,0.9667408096247454,-0.0953747553110658,0.9516405228977894,0.0548792521477177,0.7349804316289625,0.26851215207426626,0.771924647657722,0.31135616432965146,0.7934317201749849,0.2731079418799446,0.9478259915290234,0.4696944112950045
2021-01-01,130.405399143376,130.33366974404888,0.07172939932712552,0.9055856357620954,0.1655514146272951,0.7613397435550129,0.32749775841054213,-0.45291457058247364,-0.631046770907701,0.9671345843604511,0.11678874501171588,0.9536863939398752,0.3383643475270128,0.967629246546376,0.1111084774518621,0.9704061326715522,-0.0646910550804636,0.8429373145411475,0.5441714933439392,0.9025934767990343,0.24369793872697726,0.9664809882253691,0.8439397100380939
2021-04-01,133.45395696548238,130.405399143376,3.0485578221063747,1.0,0.20488827241155724,0.9374462292464085,0.15773570627414585,-0.7143342181591683,-0.06935387218423754,1.0,0.12707105897394946,1.0,0.34805287234064913,1.0,0.12123806312813849,0.9136864018293869,-0.15468817954378494,0.96704941962019,0.23174744280086618,1.0,-0.5291185579156761,1.0,1.0
